epoch,val_loss,val_f,test_loss,test_f
9,0.363299026892,0.91186969761,0.347571441146,0.914863034422
46,1000000,0.90620092114,1000000,0.91030713072
